Id;Label;AltLabel;color
1;Aciman André;Node_alt_1;#FFFFB3
2;Agassi Andre;Node_alt_2;#FFFFB3
3;Alcott Louisa May;Node_alt_3;#FFFFB3
4;Allende Isabel;Node_alt_4;#BEBADA
5;Ammaniti Niccolò;Node_alt_5;#8DD3C7
6;Anderson Sherwood;Node_alt_6;#FFFFB3
7;Atkinson Kate;Node_alt_7;#8DD3C7
8;Atwood Margaret;Node_alt_8;#FFFFB3
9;Austen Jane;Node_alt_9;#8DD3C7
10;Auster Paul;Node_alt_10;#FFFFB3
11;Ballard JG;Node_alt_11;#8DD3C7
12;Barbery Muriel;Node_alt_12;#8DD3C7
13;Baricco Alessandro;Node_alt_13;#8DD3C7
14;Barnes Julian;Node_alt_14;#8DD3C7
15;Bassani Giorgio;Node_alt_15;#8DD3C7
16;Baum L Frank;Node_alt_16;#FFFFB3
17;Bellow Saul;Node_alt_17;#FFFFB3
18;Bender Aimee;Node_alt_18;#FFFFB3
19;Benioff David;Node_alt_19;#FFFFB3
20;Bennett Alan;Node_alt_20;#8DD3C7
21;Bennett Andrea;Node_alt_21;#FFFFB3
22;Bernhard Thomas;Node_alt_22;#8DD3C7
23;Bolaño Roberto;Node_alt_23;#BEBADA
24;Borges Jorge Luis;Node_alt_24;#BEBADA
25;Boyne John;Node_alt_25;#8DD3C7
26;Bradbury Ray;Node_alt_26;#FFFFB3
27;Brontë Charlotte;Node_alt_27;#8DD3C7
28;Brontë Emily;Node_alt_28;#8DD3C7
29;Bukowski Charles;Node_alt_29;#FFFFB3
30;Bulgakov Mikhail;Node_alt_30;#8DD3C7
31;Bunker Edward;Node_alt_31;#FFFFB3
32;Byatt Antonia Susan;Node_alt_32;#8DD3C7
33;Cain James;Node_alt_33;#FFFFB3
34;Calvino Italo;Node_alt_34;#8DD3C7
35;Cameron Peter;Node_alt_35;#FFFFB3
36;Camus Albert;Node_alt_36;#8DD3C7
37;Capote Truman;Node_alt_37;#FFFFB3
38;Carrère Emmanuel;Node_alt_38;#8DD3C7
39;Carrisi Donato;Node_alt_39;#8DD3C7
40;Carroll Lewis;Node_alt_40;#8DD3C7
41;Carter Angela;Node_alt_41;#8DD3C7
42;Carver Raymond;Node_alt_42;#FFFFB3
43;Cather Willa;Node_alt_43;#FFFFB3
44;Catozzella Giuseppe;Node_alt_44;#8DD3C7
45;Chabon Michael;Node_alt_45;#FFFFB3
46;Chandler Raymond;Node_alt_46;#FFFFB3
47;Chatwin Bruce;Node_alt_47;#8DD3C7
48;Cheever John;Node_alt_48;#FFFFB3
49;Christie Agatha;Node_alt_49;#8DD3C7
50;Clarke Arthur;Node_alt_50;#8DD3C7
51;Cocteau Jean;Node_alt_51;#8DD3C7
52;Coe Jonathan;Node_alt_52;#8DD3C7
53;Coelho Paulo;Node_alt_53;#BEBADA
54;Coetzee JM;Node_alt_54;#80B1D3
55;Cognetti Paolo;Node_alt_55;#8DD3C7
56;Collodi Carlo;Node_alt_56;#8DD3C7
57;Connelly Michael;Node_alt_57;#FFFFB3
58;Conrad Joseph;Node_alt_58;#8DD3C7
59;Cooper Glenn;Node_alt_59;#FFFFB3
60;Cooper James;Node_alt_60;#FFFFB3
61;Crichton Michael;Node_alt_61;#FFFFB3
62;Cronin AJ;Node_alt_62;#8DD3C7
63;Cunningham Michael;Node_alt_63;#FFFFB3
64;Dawkins Richard;Node_alt_64;#8DD3C7
65;De Giovanni Maurizio;Node_alt_65;#8DD3C7
66;DeLillo Don;Node_alt_66;#FFFFB3
67;de Maupassant Guy;Node_alt_67;#8DD3C7
68;de Saint-Exupéry Antoine;Node_alt_68;#8DD3C7
69;Dickens Charles;Node_alt_69;#8DD3C7
70;Dicker Joël;Node_alt_70;#8DD3C7
71;Dick Philip Kindred;Node_alt_71;#FFFFB3
72;Didion Joan;Node_alt_72;#FFFFB3
73;Dostoevsky Fyodor;Node_alt_73;#8DD3C7
74;Doyle Arthur Conan;Node_alt_74;#8DD3C7
75;Dumas Alexandre;Node_alt_75;#8DD3C7
76;Duras Marguerite;Node_alt_76;#8DD3C7
77;Durrell Gerald;Node_alt_77;#8DD3C7
78;Eco Umberto;Node_alt_78;#8DD3C7
79;Eggers Dave;Node_alt_79;#FFFFB3
80;Eliot George;Node_alt_80;#8DD3C7
81;Ellis Bret Easton;Node_alt_81;#FFFFB3
82;Eugenides Jeffrey;Node_alt_82;#FFFFB3
83;Fante John;Node_alt_83;#FFFFB3
84;Faulkner William;Node_alt_84;#FFFFB3
85;Ferrante Elena;Node_alt_85;#8DD3C7
86;Fielding Helen;Node_alt_86;#8DD3C7
87;Fitzgerald Francis Scott;Node_alt_87;#FFFFB3
88;Flagg Fannie;Node_alt_88;#FFFFB3
89;Flaubert Gustave;Node_alt_89;#8DD3C7
90;Flynn Gillian;Node_alt_90;#FFFFB3
91;Foer Jonathan Safran;Node_alt_91;#FFFFB3
92;Follett Ken;Node_alt_92;#8DD3C7
93;Ford Richard;Node_alt_93;#FFFFB3
94;Frank Anne;Node_alt_94;#8DD3C7
95;Franzen Jonathan;Node_alt_95;#FFFFB3
96;Gaiman Neil;Node_alt_96;#8DD3C7
97;Gary Romain;Node_alt_97;#8DD3C7
98;Gibson William;Node_alt_98;#FFFFB3
99;Ginzburg Natalia;Node_alt_99;#8DD3C7
100;von Goethe Johann Wolfgang;Node_alt_100;#8DD3C7
101;Gogol Nikolai;Node_alt_101;#8DD3C7
102;Golden Arthur;Node_alt_102;#FFFFB3
103;Golding William;Node_alt_103;#8DD3C7
104;Gončarov Ivan;Node_alt_104;#8DD3C7
105;Grandes Almudena;Node_alt_105;#8DD3C7
106;Grass Günter;Node_alt_106;#8DD3C7
107;Green John;Node_alt_107;#FFFFB3
108;Groff Lauren;Node_alt_108;#FFFFB3
109;Grogan John;Node_alt_109;#FFFFB3
110;Gurdjieff Georges;Node_alt_110;#8DD3C7
111;Haddon Mark;Node_alt_111;#8DD3C7
112;Hamid Mohsin;Node_alt_112;#FB8072
113;Hamsun Knut;Node_alt_113;#8DD3C7
114;Hardy Thomas;Node_alt_114;#8DD3C7
115;Hawkins Paula;Node_alt_115;#8DD3C7
116;Hemingway Ernest;Node_alt_116;#FFFFB3
117;Hesse Herman;Node_alt_117;#8DD3C7
118;Highsmith Patricia;Node_alt_118;#FFFFB3
119;Homes Amy;Node_alt_119;#FFFFB3
120;Honeyman Gail;Node_alt_120;#8DD3C7
121;Hornby Nick;Node_alt_121;#8DD3C7
122;Hosseini Khaled;Node_alt_122;#FB8072
123;Houellebecq Michel;Node_alt_123;#8DD3C7
124;Howard Elizabeth Jane;Node_alt_124;#8DD3C7
125;Hrabal Bohumil;Node_alt_125;#8DD3C7
126;Hugo Victor;Node_alt_126;#8DD3C7
127;Huxley Aldous;Node_alt_127;#8DD3C7
128;Huysmans Joris Karl;Node_alt_128;#8DD3C7
129;Irving John;Node_alt_129;#FFFFB3
130;Isaacson Walter;Node_alt_130;#FFFFB3
131;Isherwood Christopher;Node_alt_131;#FFFFB3
132;Ishiguro Kazuo;Node_alt_132;#8DD3C7
133;Jackson Shirley;Node_alt_133;#FFFFB3
134;James Henry;Node_alt_134;#FFFFB3
135;Jansson Tove;Node_alt_135;#8DD3C7
136;Jerome Jerome;Node_alt_136;#8DD3C7
137;St John Mandel Emily;Node_alt_137;#FFFFB3
138;Johnson Adam;Node_alt_138;#FFFFB3
139;Joyce James;Node_alt_139;#8DD3C7
140;Kafka Franz;Node_alt_140;#8DD3C7
141;Kanehara Hitomi;Node_alt_141;#FB8072
142;Kang Han;Node_alt_142;#FB8072
143;Karr Mary;Node_alt_143;#FFFFB3
144;Kawabata Yasunari;Node_alt_144;#FB8072
145;Kawamura Genki;Node_alt_145;#FB8072
146;Keneally Thomas;Node_alt_146;#FDB462
147;Kerouac Jack;Node_alt_147;#FFFFB3
148;King Stephen;Node_alt_148;#FFFFB3
149;Kinsella Sophie;Node_alt_149;#8DD3C7
150;Kipling Rudyard;Node_alt_150;#8DD3C7
151;Knausgård Karl Ove;Node_alt_151;#8DD3C7
152;Krakauer Jon;Node_alt_152;#FFFFB3
153;Kristof Ágota;Node_alt_153;#8DD3C7
154;Kundera Milan;Node_alt_154;#8DD3C7
155;Laclos Pierre;Node_alt_155;#8DD3C7
156;Lagercrantz David;Node_alt_156;#8DD3C7
157;Lagioia Nicola;Node_alt_157;#8DD3C7
158;Lahiri Jhumpa;Node_alt_158;#FFFFB3
159;Laing Olivia;Node_alt_159;#8DD3C7
160;Lampedusa Giuseppe Tomasi;Node_alt_160;#8DD3C7
161;Larsson Stieg;Node_alt_161;#8DD3C7
162;Laurain Antoine;Node_alt_162;#8DD3C7
163;Leavitt David;Node_alt_163;#FFFFB3
164;Lee Harper;Node_alt_164;#FFFFB3
165;Lehane Dennis;Node_alt_165;#FFFFB3
166;Lethem Jonathan;Node_alt_166;#FFFFB3
167;Levin Ira;Node_alt_167;#FFFFB3
168;Levi Primo;Node_alt_168;#8DD3C7
169;Lewis Clive Staples;Node_alt_169;#8DD3C7
170;Lewis Roy;Node_alt_170;#8DD3C7
171;Lispector Clarice;Node_alt_171;#BEBADA
172;London Jack;Node_alt_172;#FFFFB3
173;Lovecraft HP;Node_alt_173;#FFFFB3
174;Lowry Malcolm;Node_alt_174;#8DD3C7
175;Malamud Bernard;Node_alt_175;#FFFFB3
176;Malzieu Mathias;Node_alt_176;#8DD3C7
177;Mandela Nelson;Node_alt_177;#80B1D3
178;Mann Thomas;Node_alt_178;#8DD3C7
179;Márai Sándor;Node_alt_179;#8DD3C7
180;Marías Javier;Node_alt_180;#8DD3C7
181;Marone Lorenzo;Node_alt_181;#8DD3C7
182;Márquez Gabriel García;Node_alt_182;#BEBADA
183;Martel Yann;Node_alt_183;#FFFFB3
184;Martin George;Node_alt_184;#FFFFB3
185;McCarthy Cormac;Node_alt_185;#FFFFB3
186;McCullers Carson;Node_alt_186;#FFFFB3
187;McEwan Ian;Node_alt_187;#8DD3C7
188;McInerney Jay;Node_alt_188;#FFFFB3
189;Melville Herman;Node_alt_189;#FFFFB3
190;Mercier Pascal;Node_alt_190;#8DD3C7
191;Miller Henry;Node_alt_191;#FFFFB3
192;Mishima Yukio;Node_alt_192;#FB8072
193;Mitchell David;Node_alt_193;#8DD3C7
194;Mitford Nancy;Node_alt_194;#8DD3C7
195;Modiano Patrick;Node_alt_195;#8DD3C7
196;Morante Elsa;Node_alt_196;#8DD3C7
197;Moravia Alberto;Node_alt_197;#8DD3C7
198;Morrison Toni;Node_alt_198;#FFFFB3
199;Moshfegh Ottessa;Node_alt_199;#FFFFB3
200;Moyes Jojo;Node_alt_200;#8DD3C7
201;Munro Alice;Node_alt_201;#FFFFB3
202;Murakami Haruki;Node_alt_202;#FB8072
203;Murgia Michela;Node_alt_203;#8DD3C7
204;Musil Robert;Node_alt_204;#8DD3C7
205;Nabokov Vladimir;Node_alt_205;#8DD3C7
206;Nelson Blake;Node_alt_206;#FFFFB3
207;Némirovsky Irène;Node_alt_207;#8DD3C7
208;Adichie Ngozi Chimamanda;Node_alt_208;#80B1D3
209;Nicholls David;Node_alt_209;#8DD3C7
210;Niffenegger Audrey;Node_alt_210;#FFFFB3
211;Nin Anaïs;Node_alt_211;#FFFFB3
212;Nothomb Amélie;Node_alt_212;#8DD3C7
213;Oates Joyce Carol;Node_alt_213;#FFFFB3
214;O'Brien Edna;Node_alt_214;#8DD3C7
215;O'Connor Flannery;Node_alt_215;#FFFFB3
216;O'Hagan Andrew;Node_alt_216;#8DD3C7
217;Ortese Anna Maria;Node_alt_217;#8DD3C7
218;Orwell George;Node_alt_218;#8DD3C7
219;Oz Amos;Node_alt_219;#FB8072
220;Paasilinna Arto;Node_alt_220;#8DD3C7
221;Palacio RJ;Node_alt_221;#FFFFB3
222;Palahniuk Chuck;Node_alt_222;#FFFFB3
223;Pasternak Boris;Node_alt_223;#8DD3C7
224;Pavese Cesare;Node_alt_224;#8DD3C7
225;Perutz Leo;Node_alt_225;#8DD3C7
226;Pessoa Fernando;Node_alt_226;#8DD3C7
227;Pirandello Luigi;Node_alt_227;#8DD3C7
228;Pirsig Robert;Node_alt_228;#FFFFB3
229;Plath Sylvia;Node_alt_229;#FFFFB3
230;Poe Edgar Allan;Node_alt_230;#FFFFB3
231;Pollan Michael;Node_alt_231;#FFFFB3
232;Proulx Annie;Node_alt_232;#FFFFB3
233;Proust Marcel;Node_alt_233;#8DD3C7
234;Punke Michael;Node_alt_234;#FFFFB3
235;Pynchon Thomas;Node_alt_235;#FFFFB3
236;Radiguet Raymond;Node_alt_236;#8DD3C7
237;Redfield James;Node_alt_237;#FFFFB3
238;Remarque Erich Maria;Node_alt_238;#8DD3C7
239;Richler Mordecai;Node_alt_239;#FFFFB3
240;Robinson Marilynne;Node_alt_240;#FFFFB3
241;Rooney Sally;Node_alt_241;#8DD3C7
242;Rosoff Meg;Node_alt_242;#FFFFB3
243;Roth Philip;Node_alt_243;#FFFFB3
244;Rowell Rainbow;Node_alt_244;#FFFFB3
245;Rowling JK;Node_alt_245;#8DD3C7
246;Rushdie Salman;Node_alt_246;#FB8072
247;Sacks Oliver;Node_alt_247;#8DD3C7
248;Sagan Françoise;Node_alt_248;#8DD3C7
249;Salinger JD;Node_alt_249;#FFFFB3
250;Saramago Josè;Node_alt_250;#8DD3C7
251;Saunders George;Node_alt_251;#FFFFB3
252;Saviano Roberto;Node_alt_252;#8DD3C7
253;Schnitzler Arthur;Node_alt_253;#8DD3C7
254;Scott Walter;Node_alt_254;#8DD3C7
255;Sebald Winfried Georg;Node_alt_255;#8DD3C7
256;Sebold Alice;Node_alt_256;#FFFFB3
257;Sedaris David;Node_alt_257;#FFFFB3
258;Simenon Georges;Node_alt_258;#8DD3C7
259;Skloot Rebecca;Node_alt_259;#FFFFB3
260;Smith Martin Cruz;Node_alt_260;#FFFFB3
261;Solzhenitsyn Aleksandr;Node_alt_261;#8DD3C7
262;Sōseki Natsume;Node_alt_262;#FB8072
263;Sparks Nicholas;Node_alt_263;#FFFFB3
264;Stefansson Jón Kalman;Node_alt_264;#8DD3C7
265;Steinbeck John;Node_alt_265;#FFFFB3
266;Stendhal Marie-Henri;Node_alt_266;#8DD3C7
267;Stevenson Robert Louis;Node_alt_267;#8DD3C7
268;Stoker Bram;Node_alt_268;#8DD3C7
269;Stroud Carsten;Node_alt_269;#FFFFB3
270;Strout Elizabeth;Node_alt_270;#FFFFB3
271;Süskind Patrick;Node_alt_271;#8DD3C7
272;Svevo Italo;Node_alt_272;#8DD3C7
273;Swift Jonathan;Node_alt_273;#8DD3C7
274;Szabó Magda;Node_alt_274;#8DD3C7
275;Tabucchi Antonio;Node_alt_275;#8DD3C7
276;Takami Koushun;Node_alt_276;#FB8072
277;Tartt Donna;Node_alt_277;#FFFFB3
278;Taylor Laini;Node_alt_278;#FFFFB3
279;Thackeray William Makepeace;Node_alt_279;#8DD3C7
280;Thomas Scarlett;Node_alt_280;#8DD3C7
281;Thompson Harry;Node_alt_281;#8DD3C7
282;Thoreau Henry David;Node_alt_282;#FFFFB3
283;Tokarczuk Olga;Node_alt_283;#8DD3C7
284;Tolkien JRR;Node_alt_284;#8DD3C7
285;Tolstoy Leo;Node_alt_285;#8DD3C7
286;Turgenev Ivan;Node_alt_286;#8DD3C7
287;Twain Mark;Node_alt_287;#FFFFB3
288;Uhlman Fred;Node_alt_288;#8DD3C7
289;Vargas Fred;Node_alt_289;#8DD3C7
290;Verne Jules;Node_alt_290;#8DD3C7
291;Vian Boris;Node_alt_291;#8DD3C7
292;Vila-Matas Enrique;Node_alt_292;#8DD3C7
293;Vinci Simona;Node_alt_293;#8DD3C7
294;Vonnegut Kurt;Node_alt_294;#FFFFB3
295;de Waal Edmund;Node_alt_295;#8DD3C7
296;Walker Alice;Node_alt_296;#FFFFB3
297;Wallace David Foster;Node_alt_297;#FFFFB3
298;Waller Robert James;Node_alt_298;#FFFFB3
299;Walpole Horace;Node_alt_299;#8DD3C7
300;Waters Sarah;Node_alt_300;#8DD3C7
301;West Nathanael;Node_alt_301;#FFFFB3
302;Westover Tara;Node_alt_302;#FFFFB3
303;West Rebecca;Node_alt_303;#8DD3C7
304;Wharton Edith;Node_alt_304;#FFFFB3
305;Wiesel Elie;Node_alt_305;#FFFFB3
306;Wilde Oscar;Node_alt_306;#8DD3C7
307;Williams John;Node_alt_307;#FFFFB3
308;Winslow Don;Node_alt_308;#FFFFB3
309;Winterson Jeanette;Node_alt_309;#8DD3C7
310;Wollstonecraft Mary;Node_alt_310;#8DD3C7
311;Woolf Virginia;Node_alt_311;#8DD3C7
312;Yanagihara Hanya;Node_alt_312;#FFFFB3
313;Yates Richard;Node_alt_313;#FFFFB3
314;Yoshimoto Banana;Node_alt_314;#FB8072
315;Yourcenar Marguerite;Node_alt_315;#8DD3C7
316;Zafón Carlos Ruiz;Node_alt_316;#8DD3C7
317;Zola Émile;Node_alt_317;#8DD3C7
318;Le Guin Ursula;Node_alt_318;#FFFFB3
319;Sturgeon Theodore;Node_alt_319;#FFFFB3
320;Alderman Naomi;Node_alt_320;#8DD3C7
321;McMurtry Larry;Node_alt_321;#FFFFB3
322;Läckberg Camilla;Node_alt_322;#8DD3C7
323;Abdolah Kader;Node_alt_323;#FB8072
324;Abulhawa Susan;Node_alt_324;#FB8072
325;Achebe Chinua;Node_alt_325;#80B1D3
326;Adébáyò Ayòbámi;Node_alt_326;#80B1D3
327;Adiga Aravind;Node_alt_327;#FB8072
328;Agnon Shmuel Yosef;Node_alt_328;#FB8072
329;Agualusa Josè Eduardo;Node_alt_329;#80B1D3
330;Akunin Boris;Node_alt_330;#8DD3C7
331;Alarcón Daniel;Node_alt_331;#BEBADA
332;Aleksievič Svetlana;Node_alt_332;#8DD3C7
333;Alem Raja'a;Node_alt_333;#FB8072
334;Ali Sabahattin;Node_alt_334;#FB8072
335;Amado Jorge;Node_alt_335;#BEBADA
336;Anand Mulk Râj;Node_alt_336;#FB8072
337;Anderson Poul;Node_alt_337;#FFFFB3
338;Antunes António Lobo;Node_alt_338;#8DD3C7
339;Anwar Arif;Node_alt_339;#FB8072
340;Anyi Wang;Node_alt_340;#FB8072
341;Appelfeld Aharon;Node_alt_341;#FB8072
342;Aramburu Fernando;Node_alt_342;#8DD3C7
343;Arguedas José María;Node_alt_343;#BEBADA
344;Arlt Roberto;Node_alt_344;#BEBADA
345;Atogun Odafe;Node_alt_345;#80B1D3
346;Aw Tash;Node_alt_346;#FB8072
347;Aziz Abdel Basma;Node_alt_347;#80B1D3
348;Azuela Mariano;Node_alt_348;#BEBADA
349;Badani Sejal;Node_alt_349;#FB8072
350;Barrett Igoni A;Node_alt_350;#80B1D3
351;Batalha Martha;Node_alt_351;#BEBADA
352;Beah Ishmael;Node_alt_352;#80B1D3
353;Beckett Samuel;Node_alt_353;#8DD3C7
354;Belli Gioconda;Node_alt_354;#BEBADA
355;Benmalek Anouar;Node_alt_355;#80B1D3
356;Berberova Nina Nikolaevna;Node_alt_356;#8DD3C7
357;Binebine Mahi;Node_alt_357;#80B1D3
358;Blixen Karen;Node_alt_358;#8DD3C7
359;Bodrožić Ivana;Node_alt_359;#8DD3C7
360;Böll Heinrich;Node_alt_360;#8DD3C7
361;Borgo Sainz Karina;Node_alt_361;#BEBADA
362;Bradley Alan;Node_alt_362;#FFFFB3
363;Brooks Geraldine;Node_alt_363;#FDB462
364;Brooks Terry;Node_alt_364;#FFFFB3
365;Brown Daniel;Node_alt_365;#FFFFB3
366;Burroughs William S;Node_alt_366;#FFFFB3
367;Caldwell Erskine;Node_alt_367;#FFFFB3
368;Canetti Elias;Node_alt_368;#8DD3C7
369;Carey Peter;Node_alt_369;#FDB462
370;Carpentier Alejo;Node_alt_370;#BEBADA
371;Cărtărescu Mircea;Node_alt_371;#8DD3C7
372;Casares Adolfo Bioy;Node_alt_372;#BEBADA
373;Castaneda Carlos;Node_alt_373;#BEBADA
374;Cave Nick;Node_alt_374;#FDB462
375;Cela Camilo José;Node_alt_375;#8DD3C7
376;Cercas Javier;Node_alt_376;#8DD3C7
377;Chandra Vikram;Node_alt_377;#FB8072
378;Chang Jung;Node_alt_378;#FB8072
379;Chavarría Daniel;Node_alt_379;#BEBADA
380;Guevara Ernesto;Node_alt_380;#BEBADA
381;Cixin Liu;Node_alt_381;#FB8072
382;Clancy Tom;Node_alt_382;#FFFFB3
383;Clark Georgia;Node_alt_383;#FDB462
384;Cobb Humphrey;Node_alt_384;#FFFFB3
385;Cole Teju;Node_alt_385;#80B1D3
386;Coloane Francisco;Node_alt_386;#BEBADA
387;Correa Armando Lucas;Node_alt_387;#BEBADA
388;Cortázar Julio;Node_alt_388;#BEBADA
389;Cossery Albert;Node_alt_389;#80B1D3
390;Couto Mia;Node_alt_390;#80B1D3
391;Crane Stephen;Node_alt_391;#FFFFB3
392;Dahl Roald;Node_alt_392;#8DD3C7
393;Dalton Trent;Node_alt_393;#FDB462
394;d'Annunzio Gabriele;Node_alt_394;#8DD3C7
395;De Amicis Edmondo;Node_alt_395;#8DD3C7
396;de Balzac Honoré;Node_alt_396;#8DD3C7
397;de Beauvoir Simone;Node_alt_397;#8DD3C7
398;Deledda Grazia;Node_alt_398;#8DD3C7
399;Delijani Sahar;Node_alt_399;#FB8072
400;De Pontes Peebles Frances;Node_alt_400;#BEBADA
401;de Sade Marquis;Node_alt_401;#8DD3C7
402;Desai Anita;Node_alt_402;#FB8072
403;Díaz Junot;Node_alt_403;#BEBADA
404;Dirie Waris;Node_alt_404;#80B1D3
405;Divakaruni Chitra Banerjee;Node_alt_405;#FB8072
406;Djebar Assia;Node_alt_406;#80B1D3
407;Doshi Tishani;Node_alt_407;#FB8072
408;Douaihy Jabbour;Node_alt_408;#FB8072
409;Dovlatov Sergei;Node_alt_409;#8DD3C7
410;Dueñas María;Node_alt_410;#8DD3C7
411;Emezi Akwaeke;Node_alt_411;#80B1D3
412;Endō Shūsaku;Node_alt_412;#FB8072
413;Twan Eng Tan;Node_alt_413;#FB8072
414;Enríquez Mariana;Node_alt_414;#BEBADA
415;Ernaux Annie;Node_alt_415;#8DD3C7
416;Erpenbeck Jenny;Node_alt_416;#8DD3C7
417;Escobar Melba;Node_alt_417;#BEBADA
418;Esquivel Laura;Node_alt_418;#BEBADA
419;Eteraz Ali;Node_alt_419;#FB8072
420;Ferguson Will;Node_alt_420;#FFFFB3
421;Flanagan Richard;Node_alt_421;#FDB462
422;Fogazzaro Antonio;Node_alt_422;#8DD3C7
423;Foroutan Parnaz;Node_alt_423;#FB8072
424;Fraillon Zana;Node_alt_424;#FDB462
425;Frame Janet;Node_alt_425;#FDB462
426;France Anatole;Node_alt_426;#8DD3C7
427;Fuentes Carlos;Node_alt_427;#BEBADA
428;Gallmann Kuki;Node_alt_428;#80B1D3
429;Gamboa Santiago;Node_alt_429;#BEBADA
430;Gappah Petina;Node_alt_430;#80B1D3
431;Ghosh Amitav;Node_alt_431;#FB8072
432;Glass Emma;Node_alt_432;#8DD3C7
433;Gordimer Nadine;Node_alt_433;#80B1D3
434;Grenville Kate;Node_alt_434;#FDB462
435;Grimm Jacob Wilhelm;Node_alt_435;#8DD3C7
436;Grisham John;Node_alt_436;#FFFFB3
437;Grossman David;Node_alt_437;#FB8072
438;Grossman Vasily;Node_alt_438;#8DD3C7
439;Gundar-Goshen Ayelet;Node_alt_439;#FB8072
440;Gyasi Yaa;Node_alt_440;#80B1D3
441;El Hachmi Najat;Node_alt_441;#80B1D3
442;Hammett Dashiell;Node_alt_442;#FFFFB3
443;Hampson Amanda;Node_alt_443;#FDB462
444;Ham Rosalie;Node_alt_444;#FDB462
445;Handke Peter;Node_alt_445;#8DD3C7
446;Hartnett Sonya;Node_alt_446;#FDB462
447;Hawthorne Nathaniel;Node_alt_447;#FFFFB3
448;Hay Ashley;Node_alt_448;#FDB462
449;Hedayat Sadeq;Node_alt_449;#FB8072
450;Heng Rachel;Node_alt_450;#FB8072
451;Hepworth Sally;Node_alt_451;#FDB462
452;Hirata Andrea;Node_alt_452;#FB8072
453;Høeg Peter;Node_alt_453;#8DD3C7
454;Howard Robert;Node_alt_454;#FFFFB3
455;Hua Yu;Node_alt_455;#FB8072
456;Hubbard Ron;Node_alt_456;#FFFFB3
457;Ibrahim Djamila;Node_alt_457;#80B1D3
458;Irving Washington;Node_alt_458;#FFFFB3
459;James EL;Node_alt_459;#8DD3C7
460;Jebreal Rula;Node_alt_460;#FB8072
461;Jian Ma;Node_alt_461;#FB8072
462;Johnson Uwe;Node_alt_462;#8DD3C7
463;Jones Diana;Node_alt_463;#8DD3C7
464;Jordan Toni;Node_alt_464;#FDB462
465;Jufresa Laia;Node_alt_465;#BEBADA
466;Jünger Ernst;Node_alt_466;#8DD3C7
467;Kakuta Mitsuyo;Node_alt_467;#FB8072
468;Kandasamy Meena;Node_alt_468;#FB8072
469;Kan Karoline;Node_alt_469;#FB8072
470;Kawaguchi Toshikazu;Node_alt_470;#FB8072
471;Kawakami Mieko;Node_alt_471;#FB8072
472;Kazantzakis Nikos;Node_alt_472;#8DD3C7
473;Kehlmann Daniel;Node_alt_473;#8DD3C7
474;Kent Hannah;Node_alt_474;#FDB462
475;Kertész Imre;Node_alt_475;#8DD3C7
476;Khadra Yasmina;Node_alt_476;#80B1D3
477;Khal Abdo;Node_alt_477;#FB8072
478;Khalifa Khaled;Node_alt_478;#FB8072
479;Un-su Kim;Node_alt_479;#FB8072
480;Kincaid Jamaica;Node_alt_480;#BEBADA
481;Kirino Natsuo;Node_alt_481;#FB8072
482;Krien Daniela;Node_alt_482;#8DD3C7
483;Kulin Ayşe;Node_alt_483;#FB8072
484;Kureishi Hanif;Node_alt_484;#8DD3C7
485;Kurniawan Eka;Node_alt_485;#FB8072
486;Lange Norah;Node_alt_486;#BEBADA
487;Lapena Shari;Node_alt_487;#FFFFB3
488;Lawrence DH;Node_alt_488;#8DD3C7
489;Laxness Halldór;Node_alt_489;#8DD3C7
490;Lee Jung-Myung;Node_alt_490;#FB8072
491;Lee Krys;Node_alt_491;#FB8072
492;Lemebel Pedro;Node_alt_492;#BEBADA
493;Lessing Doris;Node_alt_493;#8DD3C7
494;Lewis Sinclair;Node_alt_494;#FFFFB3
495;Lianke Yan;Node_alt_495;#FB8072
496;Lilin Nicolai;Node_alt_496;#8DD3C7
497;Link Charlotte;Node_alt_497;#8DD3C7
498;Vargas Llosa Mario;Node_alt_498;#BEBADA
499;Loe Erlend;Node_alt_499;#8DD3C7
500;Lokko Lesley;Node_alt_500;#80B1D3
501;Luiselli Valeria;Node_alt_501;#BEBADA
502;Maalouf Amin;Node_alt_502;#FB8072
503;Maarouf Mazen;Node_alt_503;#FB8072
504;Mabanckou Alain;Node_alt_504;#80B1D3
505;Machen Arthur;Node_alt_505;#8DD3C7
506;Mahfuz Nagib;Node_alt_506;#80B1D3
507;Mailer Norman;Node_alt_507;#FFFFB3
508;Ling Ma;Node_alt_508;#FB8072
509;Malouf David;Node_alt_509;#FDB462
510;Manicka Rani;Node_alt_510;#FB8072
511;Mansfield Katherine;Node_alt_511;#FDB462
512;Manta Lena;Node_alt_512;#FB8072
513;Manzoni Alessandro;Node_alt_513;#8DD3C7
514;Maraini Dacia;Node_alt_514;#8DD3C7
515;Markandaya Kamala;Node_alt_515;#FB8072
516;Martínez Guillermo;Node_alt_516;#BEBADA
517;Matlwa Kopano;Node_alt_517;#80B1D3
518;Matsumoto Seichō;Node_alt_518;#FB8072
519;Somerset William;Node_alt_519;#8DD3C7
520;du Maurier Daphne;Node_alt_520;#8DD3C7
521;Mbue Imbolo;Node_alt_521;#80B1D3
522;McCullough Colleen;Node_alt_522;#FDB462
523;Mda Zakes;Node_alt_523;#80B1D3
524;Mehran Marsha;Node_alt_524;#FB8072
525;Mengestu Dinaw;Node_alt_525;#80B1D3
526;Mengiste Maaza;Node_alt_526;#80B1D3
527;Mernissi Fatima;Node_alt_527;#80B1D3
528;Meyer Deon;Node_alt_528;#80B1D3
529;Meyer Stephenie;Node_alt_529;#FFFFB3
530;Millar Margaret;Node_alt_530;#FFFFB3
531;Minato Kanae;Node_alt_531;#FB8072
532;Monge Emiliano;Node_alt_532;#BEBADA
533;Montalbán Manuel;Node_alt_533;#8DD3C7
534;Morgan Sally;Node_alt_534;#FDB462
535;Moriarty Liane;Node_alt_535;#FDB462
536;Morris Heather;Node_alt_536;#FDB462
537;Morton Kate;Node_alt_537;#FDB462
538;Mukherjee Neel;Node_alt_538;#FB8072
539;Müller Herta;Node_alt_539;#8DD3C7
540;Murakami Ryū;Node_alt_540;#FB8072
541;Murata Sayaka;Node_alt_541;#FB8072
542;Nafisi Azar;Node_alt_542;#FB8072
543;Naipaul VS;Node_alt_543;#BEBADA
544;Nair Anita;Node_alt_544;#FB8072
545;Nettel Guadalupe;Node_alt_545;#BEBADA
546;Neuman Andrés;Node_alt_546;#BEBADA
547;Nevo Eshkol;Node_alt_547;#FB8072
548;Nievo Ippolito;Node_alt_548;#8DD3C7
549;Noah Trevor;Node_alt_549;#80B1D3
550;Obioma Chigozie;Node_alt_550;#80B1D3
551;Ōe Kenzaburō;Node_alt_551;#FB8072
552;Ogawa Yōko;Node_alt_552;#FB8072
553;Ohanesian Aline;Node_alt_553;#FB8072
554;Omotoso Yewande;Node_alt_554;#80B1D3
555;Onuzo Chibundu;Node_alt_555;#80B1D3
556;Orga Irfan;Node_alt_556;#FB8072
557;Oyeyemi Helen;Node_alt_557;#8DD3C7
558;Pacat CS;Node_alt_558;#FDB462
559;Pamuk Orhan;Node_alt_559;#FB8072
560;Park Yeonmi;Node_alt_560;#FB8072
561;Passarlay Gulwali;Node_alt_561;#FB8072
562;Passos John Dos;Node_alt_562;#FFFFB3
563;Patterson James;Node_alt_563;#FFFFB3
564;Pelevin Victor;Node_alt_564;#8DD3C7
565;Pennac Daniel;Node_alt_565;#8DD3C7
566;Perec Georges;Node_alt_566;#8DD3C7
567;Pérez-Reverte Arturo;Node_alt_567;#8DD3C7
568;Piglia Ricardo;Node_alt_568;#BEBADA
569;Piñeiro Claudia;Node_alt_569;#BEBADA
570;Platonov Andrei;Node_alt_570;#8DD3C7
571;Queneau Raymond;Node_alt_571;#8DD3C7
572;El Rashidi Yasmine;Node_alt_572;#80B1D3
573;Revueltas José;Node_alt_573;#BEBADA
574;Reyes Emma;Node_alt_574;#BEBADA
575;Ringland Holly;Node_alt_575;#FDB462
576;Roberts Gregory;Node_alt_576;#FDB462
577;Roberts Nora;Node_alt_577;#FFFFB3
578;Roncagliolo Santiago;Node_alt_578;#BEBADA
579;Roy Arundhati;Node_alt_579;#FB8072
580;Rulfo Juan;Node_alt_580;#BEBADA
581;al-Sa'dawi Nawal;Node_alt_581;#80B1D3
582;Sabato Ernesto;Node_alt_582;#BEBADA
583;Sacheri Eduardo;Node_alt_583;#BEBADA
584;Sakuraba Kazuki;Node_alt_584;#FB8072
585;Salih Tayeb;Node_alt_585;#80B1D3
586;Salmawy Mohamed;Node_alt_586;#80B1D3
587;Sánchez Clara;Node_alt_587;#8DD3C7
588;Sansal Boualem;Node_alt_588;#80B1D3
589;Sapienza Goliarda;Node_alt_589;#8DD3C7
590;Sartre Jean-Paul;Node_alt_590;#8DD3C7
591;Schami Rafik;Node_alt_591;#FB8072
592;Schätzing Frank;Node_alt_592;#8DD3C7
593;Schweblin Samanta;Node_alt_593;#BEBADA
594;Sciascia Leonardo;Node_alt_594;#8DD3C7
595;Seghers Anna;Node_alt_595;#8DD3C7
596;Sendker Jan-Philipp;Node_alt_596;#8DD3C7
597;Seth Vikram;Node_alt_597;#FB8072
598;Shafak Elif;Node_alt_598;#FB8072
599;Shalamov Varlam;Node_alt_599;#8DD3C7
600;Shalev Meir;Node_alt_600;#FB8072
601;Shalev Zeruya;Node_alt_601;#FB8072
602;Shamsie Kamila;Node_alt_602;#FB8072
603;Shanbhag Vivek;Node_alt_603;#FB8072
604;She Lao;Node_alt_604;#FB8072
605;Shin Kyung-sook;Node_alt_605;#FB8072
606;Shoneyin Lola;Node_alt_606;#80B1D3
607;Yoshida Shūichi;Node_alt_607;#FB8072
608;Sidhwa Bapsi;Node_alt_608;#FB8072
609;Simsion Graeme;Node_alt_609;#FDB462
610;Singer Isaac;Node_alt_610;#8DD3C7
611;Singh Khushwant;Node_alt_611;#FB8072
612;Slimani Leïla;Node_alt_612;#80B1D3
613;Hwang Sok-yong;Node_alt_613;#FB8072
614;Sholokhov Mikhail;Node_alt_614;#8DD3C7
615;Sönmez Burhan;Node_alt_615;#FB8072
616;Souad Souad;Node_alt_616;#FB8072
617;Soyinka Wole;Node_alt_617;#80B1D3
618;Stein Gertrude;Node_alt_618;#FFFFB3
619;St John Madeleine;Node_alt_619;#FDB462
620;Stowe Harriet;Node_alt_620;#FFFFB3
621;Sukegawa Durian;Node_alt_621;#FB8072
622;Suzuki Kōji;Node_alt_622;#FB8072
623;Swarup Vikas;Node_alt_623;#FB8072
624;Taibo II Paco Ignacio;Node_alt_624;#BEBADA
625;Takagi Akimitsu;Node_alt_625;#FB8072
626;Tanizaki Jun'ichirō;Node_alt_626;#FB8072
627;Tanpınar Ahmet Hamdi;Node_alt_627;#FB8072
628;Tawada Yoko;Node_alt_628;#FB8072
629;Teo Sharlene;Node_alt_629;#FB8072
630;Thiong'o Ngũgĩ wa;Node_alt_630;#80B1D3
631;Thúy Kim;Node_alt_631;#FB8072
632;Toews Miriam;Node_alt_632;#FFFFB3
633;Travers PL;Node_alt_633;#FDB462
634;Tsiolkas Christos;Node_alt_634;#FDB462
635;Tutuola Amos;Node_alt_635;#80B1D3
636;Ung Loung;Node_alt_636;#FB8072
637;van Niekerk Marlene;Node_alt_637;#80B1D3
638;Vásquez Juan Gabriel;Node_alt_638;#BEBADA
639;Verga Giovanni;Node_alt_639;#8DD3C7
640;Viggers Karen;Node_alt_640;#FDB462
641;von Arnim Elizabeth;Node_alt_641;#FDB462
642;von Kleist Heinrich;Node_alt_642;#8DD3C7
643;Wainaina Binyavanga;Node_alt_643;#80B1D3
644;Wamariya Clemantine;Node_alt_644;#80B1D3
645;Wataya Risa;Node_alt_645;#FB8072
646;West Morris;Node_alt_646;#FDB462
647;White Patrick;Node_alt_647;#FDB462
648;Wilder Thornton;Node_alt_648;#FFFFB3
649;Winton Tim;Node_alt_649;#FDB462
650;Witting Amy;Node_alt_650;#FDB462
651;Wolf Christa;Node_alt_651;#8DD3C7
652;Xiaolong Qiu;Node_alt_652;#FB8072
653;Xilonen Aura;Node_alt_653;#BEBADA
654;Xingjian Gao;Node_alt_654;#FB8072
655;Xueqin Cao;Node_alt_655;#FB8072
656;Yan Mo;Node_alt_656;#FB8072
657;Yehoshua Abraham;Node_alt_657;#FB8072
658;Yousafzai Malala;Node_alt_658;#FB8072
659;Zail Suzy;Node_alt_659;#FDB462
660;Zusak Markus;Node_alt_660;#FDB462
661;Zweig Stefan;Node_alt_661;#8DD3C7
662;Achaari Mohammed;Node_alt_662;#80B1D3
663;Adams Douglas;Node_alt_663;#8DD3C7
664;Adams Richard;Node_alt_664;#8DD3C7
665;Ahmad Jamil;Node_alt_665;#FB8072
666;Aira César;Node_alt_666;#BEBADA
667;El Akkad Omar;Node_alt_667;#80B1D3
668;Akutagawa Ryunosuke;Node_alt_668;#FB8072
669;Altan Ahmet;Node_alt_669;#FB8072
670;Alvarez Julia;Node_alt_670;#BEBADA
671;Amis Kingsley;Node_alt_671;#8DD3C7
672;Anappara Deepa;Node_alt_672;#FB8072
673;Andrews VC;Node_alt_673;#FFFFB3
674;Angelou Maya;Node_alt_674;#FFFFB3
675;Ansay A. Manette;Node_alt_675;#FFFFB3
676;Archer Jeffrey;Node_alt_676;#8DD3C7
677;de Assis Machado Joaquim Maria;Node_alt_677;#BEBADA
678;Bach Richard;Node_alt_678;#FFFFB3
679;Baldwin James;Node_alt_679;#FFFFB3
680;Banville John;Node_alt_680;#8DD3C7
681;Barker Pat;Node_alt_681;#8DD3C7
682;Barnes Djuna;Node_alt_682;#FFFFB3
683;Barrie James Matthew;Node_alt_683;#8DD3C7
684;Beatty Paul;Node_alt_684;#FFFFB3
685;Benchley Peter;Node_alt_685;#FFFFB3
686;Benedetti Mario;Node_alt_686;#BEBADA
687;Binchy Maeve;Node_alt_687;#8DD3C7
688;Blatty William;Node_alt_688;#FFFFB3
689;Bloch Robert;Node_alt_689;#FFFFB3
690;Blyton Enid;Node_alt_690;#8DD3C7
691;Braddon Mary;Node_alt_691;#8DD3C7
692;Bradley Marion;Node_alt_692;#FFFFB3
693;Brink Andre;Node_alt_693;#80B1D3
694;Bromfield Louis;Node_alt_694;#FFFFB3
695;Brontë Anne;Node_alt_695;#8DD3C7
696;Brookner Anita;Node_alt_696;#8DD3C7
697;Brown Fredric;Node_alt_697;#FFFFB3
698;Buarque Chico;Node_alt_698;#BEBADA
699;Buchan John;Node_alt_699;#8DD3C7
700;Buck Pearl S.;Node_alt_700;#FFFFB3
701;Burney Frances;Node_alt_701;#8DD3C7
702;Burns Anna;Node_alt_702;#8DD3C7
703;Burroughs Edgar;Node_alt_703;#FFFFB3
704;Butler Samuel;Node_alt_704;#8DD3C7
705;Buzzati Dino;Node_alt_705;#8DD3C7
706;Campbell John;Node_alt_706;#FFFFB3
707;Catton Eleanor;Node_alt_707;#FDB462
708;Celine Louis Ferdinand;Node_alt_708;#8DD3C7
709;Charriere Henri;Node_alt_709;#8DD3C7
710;Chopin Kate;Node_alt_710;#FFFFB3
711;Clark Mary;Node_alt_711;#FFFFB3
712;Clavell James;Node_alt_712;#FDB462
713;Cleland John;Node_alt_713;#8DD3C7
714;Collins Suzanne;Node_alt_714;#FFFFB3
715;Collins Wilkie;Node_alt_715;#8DD3C7
716;Dazai Osamu;Node_alt_716;#FB8072
717;Defoe Daniel;Node_alt_717;#8DD3C7
718;de Roberto Federico;Node_alt_718;#8DD3C7
719;Döblin Alfred;Node_alt_719;#8DD3C7
720;Doctorow EL;Node_alt_720;#FFFFB3
721;Doerr Anthony;Node_alt_721;#FFFFB3
722;Donleavy JP;Node_alt_722;#FFFFB3
723;Douglass Frederick;Node_alt_723;#FFFFB3
724;Doxiadis Apostolos;Node_alt_724;#8DD3C7
725;Doyle Roddy;Node_alt_725;#8DD3C7
726;Edgeworth Maria;Node_alt_726;#8DD3C7
727;Ellison Ralph;Node_alt_727;#FFFFB3
728;Emecheta Buchi;Node_alt_728;#80B1D3
729;Ende Michael;Node_alt_729;#8DD3C7
730;Evans Nicholas;Node_alt_730;#8DD3C7
731;Evaristo Bernardine;Node_alt_731;#8DD3C7
732;Fallaci Oriana;Node_alt_732;#8DD3C7
733;Farrell James Gordon;Node_alt_733;#8DD3C7
734;Faye Gaël;Node_alt_734;#80B1D3
735;Feiyu Bi;Node_alt_735;#FB8072
736;Melchor Fernanda;Node_alt_736;#BEBADA
737;Fielding Henry;Node_alt_737;#8DD3C7
738;Fitch Janet;Node_alt_738;#FFFFB3
739;Fitzgerald Penelope;Node_alt_739;#8DD3C7
740;Fontane Theodor;Node_alt_740;#8DD3C7
741;Forster Edward Morgan;Node_alt_741;#8DD3C7
742;Forsyth Frederick;Node_alt_742;#8DD3C7
743;Fowles John;Node_alt_743;#8DD3C7
744;Freeman Ru;Node_alt_744;#FB8072
745;Frey James;Node_alt_745;#FFFFB3
746;Gaarder Jostein;Node_alt_746;#8DD3C7
747;Gaddis William;Node_alt_747;#FFFFB3
748;Galdos Benito Perez;Node_alt_748;#8DD3C7
749;Gardner Erle Stanley;Node_alt_749;#FFFFB3
750;Gaskell Elizabeth;Node_alt_750;#8DD3C7
751;Genet Jean;Node_alt_751;#8DD3C7
752;Glasgow Ellen;Node_alt_752;#FFFFB3
753;Glyn Elinor;Node_alt_753;#8DD3C7
754;Goldsmith Oliver;Node_alt_754;#8DD3C7
755;Grahame Kenneth;Node_alt_755;#8DD3C7
756;Greer Andrew Sean;Node_alt_756;#FFFFB3
757;Gurnah Abdulrazak;Node_alt_757;#80B1D3
758;Hachtroudi Fariba;Node_alt_758;#FB8072
759;Haggard Rider;Node_alt_759;#8DD3C7
760;Haley Alex;Node_alt_760;#FFFFB3
761;Halfon Eduardo;Node_alt_761;#BEBADA
762;Haratischwili Nino;Node_alt_762;#FB8072
763;Harding Paul;Node_alt_763;#FFFFB3
764;Hašek Jaroslav;Node_alt_764;#8DD3C7
765;Hegi Ursula;Node_alt_765;#8DD3C7
766;Heinlein Robert A.;Node_alt_766;#FFFFB3
767;Heller Joseph;Node_alt_767;#FFFFB3
768;Herbert Frank;Node_alt_768;#FFFFB3
769;Herlihy James;Node_alt_769;#FFFFB3
770;Hernandez Felisberto;Node_alt_770;#BEBADA
771;Herrera Yuri;Node_alt_771;#BEBADA
772;Heyer Georgette;Node_alt_772;#8DD3C7
773;Higgins Jack;Node_alt_773;#8DD3C7
774;Hilton James;Node_alt_774;#8DD3C7
775;Hinton SE;Node_alt_775;#FFFFB3
776;Hollinghurst Alan;Node_alt_776;#8DD3C7
777;Hume Fergus;Node_alt_777;#8DD3C7
778;Hustvedt Siri;Node_alt_778;#FFFFB3
779;Jacobson Howard;Node_alt_779;#8DD3C7
780;James Marlon;Node_alt_780;#BEBADA
781;Jelloun Tahar Ben;Node_alt_781;#80B1D3
782;Jhabvala Ruth Prawer;Node_alt_782;#8DD3C7
783;Jong Erica;Node_alt_783;#FFFFB3
784;Kadare Ismail;Node_alt_784;#8DD3C7
785;Kawakami Hiromi;Node_alt_785;#FB8072
786;Kennedy William;Node_alt_786;#FFFFB3
787;Kerr Judith;Node_alt_787;#8DD3C7
788;Khoury Elias;Node_alt_788;#FB8072
789;Kingsolver Barbara;Node_alt_789;#FFFFB3
790;Koestler Arthur;Node_alt_790;#8DD3C7
791;Koonchung Chan;Node_alt_791;#FB8072
792;Kuang RF;Node_alt_792;#FB8072
793;Kwan Kevin;Node_alt_793;#FB8072
794;Lagerkvist Pär;Node_alt_794;#8DD3C7
795;Lagerlöf Selma;Node_alt_795;#8DD3C7
796;LeBlanc Maurice;Node_alt_796;#8DD3C7
797;Le Fanu Sheridan;Node_alt_797;#8DD3C7
798;L'Engle Madeleine;Node_alt_798;#FFFFB3
799;Lermontov Mikhail;Node_alt_799;#8DD3C7
800;Leskov Nikolai;Node_alt_800;#8DD3C7
801;Lively Penelope;Node_alt_801;#80B1D3
802;Li Yiyun;Node_alt_802;#FB8072
803;Lowry Lois;Node_alt_803;#FFFFB3
804;Lurie Alison;Node_alt_804;#FFFFB3
805;MacDonald Ann-Marie;Node_alt_805;#FFFFB3
806;Mai Que Nguyễn Phan;Node_alt_806;#FB8072
807;Majumdar Megha;Node_alt_807;#FB8072
808;Makumbi Nansubuga Jennifer;Node_alt_808;#80B1D3
809;Mantel Hilary;Node_alt_809;#8DD3C7
810;Puzo Mario;Node_alt_810;#FFFFB3
811;Markaris Petros;Node_alt_811;#FB8072
812;Matar Hisham;Node_alt_812;#80B1D3
813;Maturin Charles;Node_alt_813;#8DD3C7
814;McCourt Frank;Node_alt_814;#8DD3C7
815;McLeod Cynthia;Node_alt_815;#BEBADA
816;Metalious Grace;Node_alt_816;#FFFFB3
817;Millhauser Steven;Node_alt_817;#FFFFB3
818;Mitchell Margaret;Node_alt_818;#FFFFB3
819;Miyabe Miyuki;Node_alt_819;#FB8072
820;Montgomery LM;Node_alt_820;#FFFFB3
821;Mulisch Harry;Node_alt_821;#8DD3C7
822;Warren Patricia;Node_alt_822;#FFFFB3
823;Nelson Maggie;Node_alt_823;#FFFFB3
824;Nguyen Viet Thanh;Node_alt_824;#FB8072
825;Ondaatje Michael;Node_alt_825;#FB8072
826;Oppenheim Edward Phillips;Node_alt_826;#8DD3C7
827;Orczy Emma;Node_alt_827;#8DD3C7
828;Ozeki Ruth;Node_alt_828;#FFFFB3
829;Parkin Gaile;Node_alt_829;#80B1D3
830;Pasolini Pier Paolo;Node_alt_830;#8DD3C7
831;Bowles Paul;Node_alt_831;#FFFFB3
832;Pierre DBC;Node_alt_832;#FDB462
833;Powers Richard;Node_alt_833;#FFFFB3
834;Puig Manuel;Node_alt_834;#BEBADA
835;Queen Ellery;Node_alt_835;#FFFFB3
836;Radcliffe Ann;Node_alt_836;#8DD3C7
837;Rahimi Atiq;Node_alt_837;#FB8072
838;Rawlings Marjorie Kinnan;Node_alt_838;#FFFFB3
839;Reage Pauline;Node_alt_839;#8DD3C7
840;Reeve Clara;Node_alt_840;#8DD3C7
841;Renault Mary;Node_alt_841;#8DD3C7
842;Rendell Ruth;Node_alt_842;#8DD3C7
843;Restrepo Laura;Node_alt_843;#BEBADA
844;Rhys Jean;Node_alt_844;#BEBADA
845;Rice Anne;Node_alt_845;#FFFFB3
846;Richardson Samuel;Node_alt_846;#8DD3C7
847;Robbins Harold;Node_alt_847;#FFFFB3
848;Rogers Rosemary;Node_alt_848;#FFFFB3
849;Rong Jiang;Node_alt_849;#FB8072
850;Roth Joseph;Node_alt_850;#8DD3C7
851;Roth Veronica;Node_alt_851;#FFFFB3
852;Russo Meredith;Node_alt_852;#FFFFB3
853;Russo Richard;Node_alt_853;#FFFFB3
854;Sabatini Rafael;Node_alt_854;#8DD3C7
855;Sand George;Node_alt_855;#8DD3C7
856;Schlink Bernhard;Node_alt_856;#8DD3C7
857;Schwarz Christina;Node_alt_857;#FFFFB3
858;Segal Erich;Node_alt_858;#FFFFB3
859;Selasi Taiye;Node_alt_859;#80B1D3
860;Selvadurai Shyam;Node_alt_860;#FB8072
861;Sewell Anna;Node_alt_861;#8DD3C7
862;Sharp Margery;Node_alt_862;#8DD3C7
863;Sheldon Sidney;Node_alt_863;#FFFFB3
864;Shields Carol;Node_alt_864;#FFFFB3
865;Shimada Soji;Node_alt_865;#FB8072
866;Shreve Anita;Node_alt_866;#FFFFB3
867;Sienkiewicz Henryk;Node_alt_867;#8DD3C7
868;Smith Zadie;Node_alt_868;#8DD3C7
869;Sontag Susan;Node_alt_869;#FFFFB3
870;Spyri Johanna;Node_alt_870;#8DD3C7
871;Stegner Wallace;Node_alt_871;#FFFFB3
872;Sterne Laurence;Node_alt_872;#8DD3C7
873;Stockett Kathryn;Node_alt_873;#FFFFB3
874;Stone Irving;Node_alt_874;#FFFFB3
875;Stout Rex;Node_alt_875;#FFFFB3
876;Stuart Douglas;Node_alt_876;#8DD3C7
877;Styron William;Node_alt_877;#FFFFB3
878;Tagore Rabindranath;Node_alt_878;#FB8072
879;Tarkington Booth;Node_alt_879;#FFFFB3
880;Tarttelin Abigail;Node_alt_880;#8DD3C7
881;Thirkell Angela;Node_alt_881;#8DD3C7
882;Toole John Kennedy;Node_alt_882;#FFFFB3
883;Townsend Sue;Node_alt_883;#8DD3C7
884;Trollope Anthony;Node_alt_884;#8DD3C7
885;Tucker Wilson;Node_alt_885;#FFFFB3
886;Tyler Anne;Node_alt_886;#FFFFB3
887;Tyszka Alberto Barrera;Node_alt_887;#BEBADA
888;Updike John;Node_alt_888;#FFFFB3
889;Van Dine SS;Node_alt_889;#FFFFB3
890;Vidal Gore;Node_alt_890;#FFFFB3
891;Villalobos Juan Pablo;Node_alt_891;#BEBADA
892;Novalis Novalis;Node_alt_892;#8DD3C7
893;Wallace Lew;Node_alt_893;#FFFFB3
894;Walser Robert;Node_alt_894;#8DD3C7
895;Wambaugh Joseph;Node_alt_895;#FFFFB3
896;Wells HG;Node_alt_896;#8DD3C7
897;Welty Eudora;Node_alt_897;#FFFFB3
898;Westlake Donald;Node_alt_898;#FFFFB3
899;Whitehead Colson;Node_alt_899;#FFFFB3
900;Winfrey Oprah;Node_alt_900;#FFFFB3
901;Wouk Herman;Node_alt_901;#FFFFB3
902;Wyndham John;Node_alt_902;#FFFFB3
903;Young William;Node_alt_903;#FFFFB3
904;Zambra Alejandro;Node_alt_904;#BEBADA
905;Faber Michael;Node_alt_905;#8DD3C7
906;Butler Octavia;Node_alt_906;#FFFFB3
907;Miller Madeline;Node_alt_907;#FFFFB3
908;Serrano Marcela;Node_alt_908;#BEBADA
909;Smith Wilbur;Node_alt_909;#8DD3C7
910;Aboulela Leila;Node_alt_910;#80B1D3
911;Acker Kathy;Node_alt_911;#FFFFB3
912;Adam Claire;Node_alt_912;#BEBADA
913;Ali Monica;Node_alt_913;#FB8072
914;Alsanea Rajaa;Node_alt_914;#FB8072
915;al-Shaykh Hanan;Node_alt_915;#FB8072
916;Mutis Álvaro;Node_alt_916;#BEBADA
917;Nhật Ánh Nguyễn;Node_alt_917;#FB8072
918;Arenas Reinaldo;Node_alt_918;#BEBADA
919;Arthurs Alexia;Node_alt_919;#BEBADA
920;Avery Ellis;Node_alt_920;#FFFFB3
921;Bader Ali;Node_alt_921;#FB8072
922;Bangqing Han;Node_alt_922;#FB8072
923;Barakat Ibtisam;Node_alt_923;#FB8072
924;Barakat Najwa;Node_alt_924;#FB8072
925;Barclay Florence L.;Node_alt_925;#8DD3C7
926;Barnes Margaret Ayer;Node_alt_926;#FFFFB3
927;Bastos Augusto Roa;Node_alt_927;#BEBADA
928;Bennett Arnold;Node_alt_928;#8DD3C7
929;Okri Ben;Node_alt_929;#80B1D3
930;Berg Elizabeth;Node_alt_930;#FFFFB3
931;Bibish Bibish;Node_alt_931;#FB8072
932;Bohjalian Chris;Node_alt_932;#FFFFB3
933;Boullosa Carmen;Node_alt_933;#BEBADA
934;Bradley Edward;Node_alt_934;#8DD3C7
935;Brown Charles;Node_alt_935;#FFFFB3
936;Brown William Wells;Node_alt_936;#FFFFB3
937;Cartland Barbara;Node_alt_937;#8DD3C7
938;Cezair-Thompson Margaret;Node_alt_938;#BEBADA
939;Channer Colin;Node_alt_939;#BEBADA
940;Chatterji Bankimchandra;Node_alt_940;#FB8072
941;Chikwava Brian;Node_alt_941;#80B1D3
942;Chiziane Paulina;Node_alt_942;#80B1D3
943;Choden Kunzang;Node_alt_943;#FB8072
944;Chreiteh Alexandra;Node_alt_944;#FB8072
945;Clark Marcus;Node_alt_945;#8DD3C7
946;Cleage Pearl;Node_alt_946;#FFFFB3
947;Cooper Helene;Node_alt_947;#80B1D3
948;Coover Robert;Node_alt_948;#FFFFB3
949;Corelli Marie;Node_alt_949;#8DD3C7
950;Couperus Louis;Node_alt_950;#8DD3C7
951;Cozzens James Gould;Node_alt_951;#FFFFB3
952;Dangarembga Tsitsi;Node_alt_952;#80B1D3
953;Danticat Edwidge;Node_alt_953;#BEBADA
954;Dao Bei;Node_alt_954;#FB8072
955;Davis Harold Lenoir;Node_alt_955;#FFFFB3
956;Dennis-Benn Nicole;Node_alt_956;#BEBADA
957;de Recacoechea Juan;Node_alt_957;#BEBADA
958;Desai Kiran;Node_alt_958;#FB8072
959;de Saint-Pierre Bernardin;Node_alt_959;#8DD3C7
960;Diop Boubacar Boris;Node_alt_960;#80B1D3
961;Disraeli Benjamin;Node_alt_961;#8DD3C7
962;Dowlatabadi Mahmoud;Node_alt_962;#FB8072
963;Drury Allen;Node_alt_963;#FFFFB3
964;Dubus III Andre;Node_alt_964;#FFFFB3
965;Durham David Anthony;Node_alt_965;#FFFFB3
966;Elsir Amir Tag;Node_alt_966;#80B1D3
967;Eltayeb Tarek;Node_alt_967;#80B1D3
968;Enright Anne;Node_alt_968;#8DD3C7
969;Farah Nuruddin;Node_alt_969;#80B1D3
970;Ferber Edna;Node_alt_970;#FFFFB3
971;Flavin Martin;Node_alt_971;#FFFFB3
972;Fonseca Rubem;Node_alt_972;#BEBADA
973;Forna Aminatta;Node_alt_973;#80B1D3
974;French Marilyn;Node_alt_974;#FFFFB3
975;Gaines Ernest J.;Node_alt_975;#FFFFB3
976;Gargash Maha;Node_alt_976;#FB8072
977;Gibbons Kaye;Node_alt_977;#FFFFB3
978;Gide André;Node_alt_978;#8DD3C7
979;Goytisolo Juan;Node_alt_979;#8DD3C7
980;Grau Shirley Ann;Node_alt_980;#FFFFB3
981;Green Henry;Node_alt_981;#8DD3C7
982;Grossmith George;Node_alt_982;#8DD3C7
983;Gunesekera Romesh;Node_alt_983;#FB8072
984;Guthrie Alfred Bertram Jr;Node_alt_984;#FFFFB3
985;Hagedorn Jessica;Node_alt_985;#FB8072
986;Hamilton Jane;Node_alt_986;#FFFFB3
987;Haynes Melinda;Node_alt_987;#FFFFB3
988;Haywood Eliza;Node_alt_988;#8DD3C7
989;Herbert Xavier;Node_alt_989;#FDB462
990;Hersey John;Node_alt_990;#FB8072
991;Hijuelos Oscar;Node_alt_991;#FFFFB3
992;Himmich Bensalem;Node_alt_992;#80B1D3
993;Hoffman Alice;Node_alt_993;#FFFFB3
994;Hoffmann ETA;Node_alt_994;#8DD3C7
995;Hogg James;Node_alt_995;#8DD3C7
996;Holleran Andrew;Node_alt_996;#FFFFB3
997;Holt Victoria;Node_alt_997;#8DD3C7
998;Howatch Susan;Node_alt_998;#8DD3C7
999;Hulme Keri;Node_alt_999;#FDB462
1000;Humaydan Younes Iman;Node_alt_1000;#FB8072
1001;Huong Duong Thu;Node_alt_1001;#FB8072
1002;Hurston Zona Neale;Node_alt_1002;#FFFFB3
1003;Inchbald Elizabeth;Node_alt_1003;#8DD3C7
1004;Isegawa Moses;Node_alt_1004;#80B1D3
1005;Ismailov Hamid;Node_alt_1005;#FB8072
1006;Johnson Josephine Winslow;Node_alt_1006;#FFFFB3
1007;Jones Edward Paul;Node_alt_1007;#FFFFB3
1008;Krishnamurthy Kalki;Node_alt_1008;#FB8072
1009;Karunatilaka Shehan;Node_alt_1009;#FB8072
1010;Kempadoo Oonya;Node_alt_1010;#BEBADA
1011;King-Gamble Marcia;Node_alt_1011;#BEBADA
1012;Kingsley Charles;Node_alt_1012;#8DD3C7
1013;Kohan Martin;Node_alt_1013;#BEBADA
1014;Kuroyanagi Tetsuko;Node_alt_1014;#FB8072
1015;Kyomuhendo Goretti;Node_alt_1015;#80B1D3
1016;Labelle Claude;Node_alt_1016;#FFFFB3
1017;La Farge Oliver;Node_alt_1017;#FFFFB3
1018;Lambourne Alfred;Node_alt_1018;#8DD3C7
1019;Lamb Wally;Node_alt_1019;#FFFFB3
1020;La Motte Ellen;Node_alt_1020;#FFFFB3
1021;Landa Gertrude;Node_alt_1021;#FFFFB3
1022;Landor Edward;Node_alt_1022;#8DD3C7
1023;Lane Anna;Node_alt_1023;#8DD3C7
1024;Lane Elinor;Node_alt_1024;#FFFFB3
1025;Lange Dietrich;Node_alt_1025;#8DD3C7
1026;Lang George;Node_alt_1026;#8DD3C7
1027;Langworthy Daniel;Node_alt_1027;#FFFFB3
1028;Lanman Charles;Node_alt_1028;#FFFFB3
1029;Laughlin Clara;Node_alt_1029;#FFFFB3
1030;Laut Agnes;Node_alt_1030;#FFFFB3
1031;Lavell Edith;Node_alt_1031;#FFFFB3
1032;Lazell Frederick;Node_alt_1032;#FFFFB3
1033;Leamy Edmund;Node_alt_1033;#8DD3C7
1034;Lee Day;Node_alt_1034;#FFFFB3
1035;Lee Hannah;Node_alt_1035;#FFFFB3
1036;Lee Holme;Node_alt_1036;#8DD3C7
1037;LeFeuvre Amy;Node_alt_1037;#8DD3C7
1038;Le Queux William;Node_alt_1038;#8DD3C7
1039;Lerrigo Charles;Node_alt_1039;#FFFFB3
1040;Leslie Emma;Node_alt_1040;#8DD3C7
1041;Letts Billie;Node_alt_1041;#FFFFB3
1042;Lewis Charlton;Node_alt_1042;#FFFFB3
1043;Lim Suchen Christine;Node_alt_1043;#FB8072
1044;Litchfield Grace;Node_alt_1044;#FFFFB3
1045;Litsey Edwin;Node_alt_1045;#FFFFB3
1046;Livermore George;Node_alt_1046;#FFFFB3
1047;Locke David;Node_alt_1047;#FFFFB3
1048;Lockhart Caroline;Node_alt_1048;#FFFFB3
1049;Lofts Norah;Node_alt_1049;#8DD3C7
1050;Long Helen;Node_alt_1050;#FFFFB3
1051;Longstreet Helen;Node_alt_1051;#FFFFB3
1052;Loomis Charles;Node_alt_1052;#FFFFB3
1053;Looms George;Node_alt_1053;#FFFFB3
1054;Lord Karen;Node_alt_1054;#BEBADA
1055;Lorimer George;Node_alt_1055;#FFFFB3
1056;Loring Emilie;Node_alt_1056;#FFFFB3
1057;Lott Bret;Node_alt_1057;#FFFFB3
1058;Lovelace Earl;Node_alt_1058;#BEBADA
1059;Lowe Clara;Node_alt_1059;#FFFFB3
1060;Lowry Edward;Node_alt_1060;#8DD3C7
1061;Ludovici Anthony;Node_alt_1061;#8DD3C7
1062;Lyle Eugene;Node_alt_1062;#FFFFB3
1063;Lynde Francis;Node_alt_1063;#FFFFB3
1064;MacKinlay Kantor;Node_alt_1064;#FFFFB3
1065;MacLeod Alistair;Node_alt_1065;#FFFFB3
1066;Mann William J.;Node_alt_1066;#FFFFB3
1067;Martínez Tomás Eloy;Node_alt_1067;#BEBADA
1068;Matesis Pavlos;Node_alt_1068;#8DD3C7
1069;Mehta Gita;Node_alt_1069;#FB8072
1070;Meruane Lina;Node_alt_1070;#BEBADA
1071;Middleton Stanley;Node_alt_1071;#8DD3C7
1072;Miller Caroline Pafford;Node_alt_1072;#FFFFB3
1073;Miller Sue;Node_alt_1073;#FFFFB3
1074;Miller Kei;Node_alt_1074;#BEBADA
1075;Milne Alan Alexander;Node_alt_1075;#8DD3C7
1076;Mistry Rohinton;Node_alt_1076;#FB8072
1077;Mitchard Jacquelyn;Node_alt_1077;#FFFFB3
1078;Momaday Navarre Scott;Node_alt_1078;#FFFFB3
1079;More Hannah;Node_alt_1079;#8DD3C7
1080;Morgan Robert;Node_alt_1080;#FFFFB3
1081;Morris Mary McGarry;Node_alt_1081;#FFFFB3
1082;Mphahlele Es'kia;Node_alt_1082;#80B1D3
1083;Mukherjee Bharati;Node_alt_1083;#FB8072
1084;Muller Carl;Node_alt_1084;#FB8072
1085;Murdoch Iris;Node_alt_1085;#8DD3C7
1086;Serpell Namwali;Node_alt_1086;#80B1D3
1087;Narayan RK;Node_alt_1087;#FB8072
1088;Nasrallah Ibrahim;Node_alt_1088;#FB8072
1089;Nasrin Taslima;Node_alt_1089;#FB8072
1090;Nesbit Edith;Node_alt_1090;#8DD3C7
1091;Newby Percy Howard;Node_alt_1091;#8DD3C7
1092;Ninh Bao;Node_alt_1092;#FB8072
1093;Yi Nu Nu;Node_alt_1093;#FB8072
1094;O'Connor Edwin;Node_alt_1094;#FFFFB3
1095;O'Dell Tawni;Node_alt_1095;#FFFFB3
1096;St Omer Garth;Node_alt_1096;#BEBADA
1097;Ondjaki Ondjaki;Node_alt_1097;#80B1D3
1098;Owuor Yvonne Adhiambo;Node_alt_1098;#80B1D3
1099;Parajuly Prajwal;Node_alt_1099;#FB8072
1100;Parsipur Shahrnush;Node_alt_1100;#FB8072
1101;Paton Alan;Node_alt_1101;#80B1D3
1102;Phillips Caryl;Node_alt_1102;#BEBADA
1103;Poole Ernest;Node_alt_1103;#FFFFB3
1104;Quindlen Anna;Node_alt_1104;#FFFFB3
1105;Quiroga Horacio;Node_alt_1105;#BEBADA
1106;Randall FJ;Node_alt_1106;#8DD3C7
1107;Rand Edward;Node_alt_1107;#FFFFB3
1108;Rankin Carroll;Node_alt_1108;#FFFFB3
1109;Raper Eleanor;Node_alt_1109;#8DD3C7
1110;Ratner Vaddey;Node_alt_1110;#FB8072
1111;Ray Anna;Node_alt_1111;#FFFFB3
1112;Raymond Eveline;Node_alt_1112;#FFFFB3
1113;Reach Angus;Node_alt_1113;#8DD3C7
1114;Read George;Node_alt_1114;#FFFFB3
1115;Rebreanu Liviu;Node_alt_1115;#8DD3C7
1116;Rechy John;Node_alt_1116;#FFFFB3
1117;Reed Helen;Node_alt_1117;#FFFFB3
1118;Reid Elizabeth;Node_alt_1118;#FFFFB3
1119;Remick Grace;Node_alt_1119;#FFFFB3
1120;Reynolds George;Node_alt_1120;#8DD3C7
1121;Reynolds Sheri;Node_alt_1121;#FFFFB3
1122;Rhodes Eugene;Node_alt_1122;#FFFFB3
1123;Rice Alfred;Node_alt_1123;#8DD3C7
1124;Rice George;Node_alt_1124;#FFFFB3
1125;Richardson Albert;Node_alt_1125;#FFFFB3
1126;Richardson Dorothy;Node_alt_1126;#8DD3C7
1127;Richardson Sarah;Node_alt_1127;#FFFFB3
1128;Rich Charles;Node_alt_1128;#FFFFB3
1129;Richmond Grace;Node_alt_1129;#FFFFB3
1130;Richter Conrad;Node_alt_1130;#FFFFB3
1131;Riddle Albert;Node_alt_1131;#FFFFB3
1132;Rihani Ameen;Node_alt_1132;#FB8072
1133;Riley Henry;Node_alt_1133;#FFFFB3
1134;Ritchie Eric;Node_alt_1134;#8DD3C7
1135;Rives Hallie;Node_alt_1135;#FFFFB3
1136;Robin Gallienne;Node_alt_1136;#8DD3C7
1137;Robinson CH;Node_alt_1137;#FFFFB3
1138;Robinson Eliot;Node_alt_1138;#FFFFB3
1139;Roche Arthur;Node_alt_1139;#FFFFB3
1140;Roffey Monique;Node_alt_1140;#BEBADA
1141;Roosevelt Wyn;Node_alt_1141;#FFFFB3
1142;Roper Edward;Node_alt_1142;#8DD3C7
1143;Rosebery Lord;Node_alt_1143;#8DD3C7
1144;Ross Albert;Node_alt_1144;#FFFFB3
1145;Ross Frederick;Node_alt_1145;#FFFFB3
1146;Rowland Helen;Node_alt_1146;#FFFFB3
1147;Rubens Bernice;Node_alt_1147;#8DD3C7
1148;Rubio Gwyn Hyman;Node_alt_1148;#FFFFB3
1149;Ruck Berta;Node_alt_1149;#8DD3C7
1150;Russell Dora;Node_alt_1150;#8DD3C7
1151;Ruxton George;Node_alt_1151;#8DD3C7
1152;Saer Juan José;Node_alt_1152;#BEBADA
1153;Saul Jack;Node_alt_1153;#8DD3C7
1154;Scott Paul;Node_alt_1154;#8DD3C7
1155;Selvon Sam;Node_alt_1155;#BEBADA
1156;Sembène Ousmane;Node_alt_1156;#80B1D3
1157;Shaara Michael;Node_alt_1157;#FFFFB3
1158;Shah Bina;Node_alt_1158;#FB8072
1159;Sinclair Upton;Node_alt_1159;#FFFFB3
1160;Sionil Jose F;Node_alt_1160;#FB8072
1161;Sirees Nihad;Node_alt_1161;#FB8072
1162;Sirleaf Ellen Johnson;Node_alt_1162;#80B1D3
1163;Smiley Jane;Node_alt_1163;#FFFFB3
1164;Solares Martin;Node_alt_1164;#BEBADA
1165;Ibrahim Sonallah;Node_alt_1165;#80B1D3
1166;Soueif Ahdaf;Node_alt_1166;#80B1D3
1167;Stead Christina;Node_alt_1167;#FDB462
1168;Storey David;Node_alt_1168;#8DD3C7
1169;Stribling Thomas Sigismund;Node_alt_1169;#FFFFB3
1170;Sudbanthad Pitchaya;Node_alt_1170;#FB8072
1171;Susann Jacqueline;Node_alt_1171;#FFFFB3
1172;Swift Graham;Node_alt_1172;#8DD3C7
1173;Syjuco Miguel;Node_alt_1173;#FB8072
1174;Tademy Lalita;Node_alt_1174;#FFFFB3
1175;Taylor Bayard;Node_alt_1175;#FFFFB3
1176;Taylor Peter;Node_alt_1176;#FFFFB3
1177;Taylor Robert Lewis;Node_alt_1177;#FFFFB3
1178;Tekin Latife;Node_alt_1178;#FB8072
1179;Thurman Wallace;Node_alt_1179;#FFFFB3
1180;Toer Pramoedya Ananta;Node_alt_1180;#FB8072
1181;Turner Ethel;Node_alt_1181;#8DD3C7
1182;Tynan Katharine;Node_alt_1182;#8DD3C7
1183;Unsworth Barry;Node_alt_1183;#8DD3C7
1184;Upadhyay Samrat;Node_alt_1184;#FB8072
1185;Volpi Jorge;Node_alt_1185;#BEBADA
1186;Warren Robert Penn;Node_alt_1186;#FFFFB3
1187;Welsapar Ak;Node_alt_1187;#FB8072
1188;Wendt Albert;Node_alt_1188;#FDB462
1189;West Dorothy;Node_alt_1189;#FFFFB3
1190;Wilson Margaret;Node_alt_1190;#FFFFB3
1191;Wright Stephen;Node_alt_1191;#FFFFB3
1192;Wroblewski David;Node_alt_1192;#FFFFB3
1193;Yates Dornford;Node_alt_1193;#8DD3C7
1194;Yefremov Ivan;Node_alt_1194;#8DD3C7
1195;Yong Jin;Node_alt_1195;#FB8072
1196;Young Lani Wendt;Node_alt_1196;#FDB462
1197;Ayatsuji Yukito;Node_alt_1197;#FB8072
1198;Groom Winston;Node_alt_1198;#FFFFB3
1199;McBride James;Node_alt_1199;#FFFFB3
1200;Akhtar Ayad;Node_alt_1200;#FFFFB3
1201;Lerner Ben;Node_alt_1201;#FFFFB3
1202;Barry Kevin;Node_alt_1202;#8DD3C7
1203;Orange Tommy;Node_alt_1203;#FFFFB3
1204;Mahajan Karan;Node_alt_1204;#FB8072
1205;McGuire Ian;Node_alt_1205;#8DD3C7
1206;Hertmans Stefan;Node_alt_1206;#8DD3C7
1207;Sharma Akhil;Node_alt_1207;#FB8072
1208;Klay Phil;Node_alt_1208;#FFFFB3
1209;Powers Kevin;Node_alt_1209;#FFFFB3
1210;Harbach Chad;Node_alt_1210;#FFFFB3
1211;Washington Bryan;Node_alt_1211;#FFFFB3
1212;Cline Ernest;Node_alt_1212;#FFFFB3
1213;Lanchester John;Node_alt_1213;#8DD3C7
1214;Washburn Kawai;Node_alt_1214;#FFFFB3
1215;Taylor Brandon;Node_alt_1215;#FFFFB3
1216;McCann Colum;Node_alt_1216;#8DD3C7
1217;Greenwell Garth;Node_alt_1217;#FFFFB3
1218;Vuong Ocean;Node_alt_1218;#FFFFB3
1219;Johnson Denis;Node_alt_1219;#FFFFB3
1220;Yates Christopher;Node_alt_1220;#8DD3C7
1221;Winters Ben;Node_alt_1221;#FFFFB3
1222;Haslett Adam;Node_alt_1222;#FFFFB3
1223;Barrett Colin;Node_alt_1223;#8DD3C7
1224;Baxter Charles;Node_alt_1224;#FFFFB3
1225;Hemon Aleksandar;Node_alt_1225;#FFFFB3
1226;Petterson Per;Node_alt_1226;#8DD3C7
1227;Tóibín Colm;Node_alt_1227;#8DD3C7
1228;House Richard;Node_alt_1228;#FFFFB3
1229;Shacochis Bob;Node_alt_1229;#FFFFB3
1230;Meyer Philipp;Node_alt_1230;#FFFFB3
1231;Barry Sebastian;Node_alt_1231;#8DD3C7
1232;Lavalle Victor;Node_alt_1232;#FFFFB3
1233;Kunzru Hari;Node_alt_1233;#8DD3C7
1234;Coovadia Imraan;Node_alt_1234;#80B1D3
1235;Addonia Sulaiman;Node_alt_1235;#80B1D3
1236;Iweala Uzodinma;Node_alt_1236;#FFFFB3
1237;Nwokolo Chuma;Node_alt_1237;#80B1D3
1238;Murray Paul;Node_alt_1238;#8DD3C7
1239;Maupin Armistead;Node_alt_1239;#FFFFB3
1240;Beauman Ned;Node_alt_1240;#8DD3C7
1241;Temple Peter;Node_alt_1241;#80B1D3
1242;Neville Stuart;Node_alt_1242;#8DD3C7
1243;Harrison MJ;Node_alt_1243;#8DD3C7
1244;Porter Max;Node_alt_1244;#8DD3C7
1245;Meek James;Node_alt_1245;#8DD3C7
1246;Remoto Danton;Node_alt_1246;#FB8072
1247;Vargas Jose F;Node_alt_1247;#FB8072
1248;Lee Chang-rae;Node_alt_1248;#FFFFB3
1249;Kimani Peter;Node_alt_1249;#80B1D3
1250;Burnet Macrae Graeme;Node_alt_1250;#8DD3C7
1251;Kingsnorth Paul;Node_alt_1251;#8DD3C7
1252;Szalay David;Node_alt_1252;#FFFFB3
1253;Enrigue Alvaro;Node_alt_1253;#BEBADA
1254;MacNeil Kevin;Node_alt_1254;#8DD3C7
1255;Rothmann Ralf;Node_alt_1255;#8DD3C7
1256;MacLaverty Bernard;Node_alt_1256;#8DD3C7
1257;Bjørnson Bjørnstjerne;Node_alt_1257;#8DD3C7
1258;Heyse Paul;Node_alt_1258;#8DD3C7
1259;Hauptmann Gerhart;Node_alt_1259;#8DD3C7
1260;Rolland Romain;Node_alt_1260;#8DD3C7
1261;Reymont Wladyslaw;Node_alt_1261;#8DD3C7
1262;Undset Sigrid;Node_alt_1262;#8DD3C7
1263;Galsworthy John;Node_alt_1263;#8DD3C7
1264;Bunin Ivan;Node_alt_1264;#8DD3C7
1265;du Gard Roger;Node_alt_1265;#8DD3C7
1266;Sillanpää Frans;Node_alt_1266;#8DD3C7
1267;Mauriac François;Node_alt_1267;#8DD3C7
1268;Andrić Ivo;Node_alt_1268;#8DD3C7
1269;Simon Claude;Node_alt_1269;#8DD3C7
1270;Jelinek Elfriede;Node_alt_1270;#8DD3C7
1271;Le Clezio JMG;Node_alt_1271;#8DD3C7
1272;Spark Muriel;Node_alt_1272;#8DD3C7
1273;Barker AL;Node_alt_1273;#8DD3C7
1274;Bowen Elizabeth;Node_alt_1274;#8DD3C7
1275;Hazzard Shirley;Node_alt_1275;#FDB462
1276;Robinson Derek;Node_alt_1276;#8DD3C7
1277;Taylor Elizabeth;Node_alt_1277;#8DD3C7
1278;Berger John;Node_alt_1278;#8DD3C7
1279;Bainbridge Beryl;Node_alt_1279;#8DD3C7
1280;Trevor William;Node_alt_1280;#8DD3C7
1281;Blackwood Caroline;Node_alt_1281;#8DD3C7
1282;Pym Barbara;Node_alt_1282;#8DD3C7
1283;Gardam Jane;Node_alt_1283;#8DD3C7
1284;Weldon Fay;Node_alt_1284;#8DD3C7
1285;Burgess Anthony;Node_alt_1285;#8DD3C7
1286;Carr JL;Node_alt_1286;#8DD3C7
1287;Keane Molly;Node_alt_1287;#8DD3C7
1288;Thomas DM;Node_alt_1288;#8DD3C7
1289;Boyd William;Node_alt_1289;#8DD3C7
1290;Bradbury Malcolm;Node_alt_1290;#8DD3C7
1291;Fuller John;Node_alt_1291;#8DD3C7
1292;Lodge David;Node_alt_1292;#8DD3C7
1293;Davies Robertson;Node_alt_1293;#FFFFB3
1294;Ackroyd Peter;Node_alt_1294;#8DD3C7
1295;Bedford Sybille;Node_alt_1295;#8DD3C7
1296;Kelman James;Node_alt_1296;#8DD3C7
1297;Tremain Rose;Node_alt_1297;#8DD3C7
1298;McGahern John;Node_alt_1298;#8DD3C7
1299;Moore Brian;Node_alt_1299;#8DD3C7
1300;Amis Martin;Node_alt_1300;#8DD3C7
1301;McCabe Patrick;Node_alt_1301;#8DD3C7
1302;Fischer Tibor;Node_alt_1302;#8DD3C7
1303;Crace Jim;Node_alt_1303;#8DD3C7
1304;Jackson Mick;Node_alt_1304;#8DD3C7
1305;Parks Tim;Node_alt_1305;#8DD3C7
1306;Booth Martin;Node_alt_1306;#8DD3C7
1307;Mills Magnus;Node_alt_1307;#8DD3C7
1308;Frayn Michael;Node_alt_1308;#8DD3C7
1309;Azzopardi Trezza;Node_alt_1309;#8DD3C7
1310;Kneale Matthew;Node_alt_1310;#8DD3C7
1311;Seiffert Rachel;Node_alt_1311;#8DD3C7
1312;Smith Ali;Node_alt_1312;#8DD3C7
1313;Galgut Damon;Node_alt_1313;#80B1D3
1314;Heller Zoë;Node_alt_1314;#8DD3C7
1315;Morrall Clare;Node_alt_1315;#8DD3C7
1316;Hall Sarah;Node_alt_1316;#8DD3C7
1317;Woodward Gerard;Node_alt_1317;#8DD3C7
1318;Hyland MJ;Node_alt_1318;#8DD3C7
1319;Barker Nicola;Node_alt_1319;#8DD3C7
1320;Jones Lloyd;Node_alt_1320;#FDB462
1321;Sinha Indra;Node_alt_1321;#FB8072
1322;Grant Linda;Node_alt_1322;#8DD3C7
1323;Hensher Philip;Node_alt_1323;#8DD3C7
1324;Toltz Steve;Node_alt_1324;#FDB462
1325;Foulds Adam;Node_alt_1325;#8DD3C7
1326;Mawer Simon;Node_alt_1326;#8DD3C7
1327;Donoghue Emma;Node_alt_1327;#8DD3C7
1328;Levy Andrea;Node_alt_1328;#8DD3C7
1329;McCarthy Tom;Node_alt_1329;#8DD3C7
1330;Birch Carol;Node_alt_1330;#8DD3C7
1331;deWitt Patrick;Node_alt_1331;#FFFFB3
1332;Edugyan Esi;Node_alt_1332;#FFFFB3
1333;Kelman Stephen;Node_alt_1333;#8DD3C7
1334;Miller AD;Node_alt_1334;#8DD3C7
1335;Levy Deborah;Node_alt_1335;#80B1D3
1336;Moore Alison;Node_alt_1336;#8DD3C7
1337;Self Will;Node_alt_1337;#8DD3C7
1338;Thayil Jeet;Node_alt_1338;#FB8072
1339;Ferris Joshua;Node_alt_1339;#FFFFB3
1340;Fowler Karen;Node_alt_1340;#FFFFB3
1341;Sahota Sunjeev;Node_alt_1341;#8DD3C7
1342;Thien Madeleine;Node_alt_1342;#FFFFB3
1343;Fridlund Emily;Node_alt_1343;#FFFFB3
1344;Mozley Fiona;Node_alt_1344;#8DD3C7
1345;Johnson Daisy;Node_alt_1345;#8DD3C7
1346;Kushner Rachel;Node_alt_1346;#FFFFB3
1347;Ellmann Lucy;Node_alt_1347;#FFFFB3
1348;Cook Diane;Node_alt_1348;#FFFFB3
1349;Marquand John;Node_alt_1349;#FFFFB3
1350;Agee James;Node_alt_1350;#FFFFB3
1351;Porter Katherine;Node_alt_1351;#FFFFB3
1352;Stafford Jean;Node_alt_1352;#FFFFB3
1353;McPherson James;Node_alt_1353;#FFFFB3
1354;Butler Robert;Node_alt_1354;#FFFFB3
1355;Egan Jennifer;Node_alt_1355;#FFFFB3
1356;Erdrich Louise;Node_alt_1356;#FFFFB3
1357;Škvorecký Josef;Node_alt_1357;#8DD3C7
1358;Frisch Max;Node_alt_1358;#8DD3C7
1359;Rao Raja;Node_alt_1359;#FB8072
1360;Ugrešić Dubravka;Node_alt_1360;#8DD3C7
1361;Michon Pierre;Node_alt_1361;#8DD3C7
1362;Magris Claudio;Node_alt_1362;#8DD3C7
1363;Lustig Arnošt;Node_alt_1363;#8DD3C7
1364;Nádas Péter;Node_alt_1364;#8DD3C7
1365;Klíma Ivan;Node_alt_1365;#8DD3C7
